"0","# Convert the dataframe to long format"
"0","tb_long <- merged_df %>%"
"0","  pivot_longer("
"0","    cols = starts_with(""C.""),"
"0","    names_to = c(""pathogen"", ""age""),"
"0","    names_sep = ""_"","
"0","    values_to = ""load"""
"0","  )"
"2","Warning: Expected 2 pieces. Additional pieces discarded in 42 rows [43, 44, 45, 46, 47, 48, 49, 50, 51, 52, 53, 54, 55, 56, 57, 58, 59, 60, 61, 62, ...]."
"0","# Extract the measurement time if necessary"
"0","# Assuming 'time' can be converted to a date or some time-related variable"
"0","tb_long <- tb_long %>%"
"0","  mutate(age = as.numeric(age))  # Adjust this step as needed"
"2","Warning: [38;5;232mThere was 1 warning in `mutate()`.[39m
[38;5;232m[36mâ„¹[38;5;232m In argument: `age = as.numeric(age)`.[39m
Caused by warning:
[33m![39m NAs introduced by coercion"
